Role,User
Clerk,User_1
Clerk,User_2
Clerk,User_3
Clerk,User_4
Clerk,User_5
Clerk,User_6
Clerk,User_7
Clerk,User_8
Clerk,User_9
Clerk,User_10
Manager,User_11
Clerk,User_11
Clerk,User_12
Clerk,User_13
Clerk,User_14
Clerk,User_15
Clerk,User_16
Clerk,User_17
Clerk,User_18
Clerk,User_19
Clerk,User_20
Clerk,User_21
Clerk,User_22
Clerk,User_23
Clerk,User_24
Clerk,User_25
Clerk,User_26
Clerk,User_27
Clerk,User_28
Clerk,User_29
Clerk,User_30
Clerk,User_31
Clerk,User_32
Clerk,User_33
Clerk,User_34
Clerk,User_35
Clerk,User_36
Clerk,User_37
Clerk,User_38
Clerk,User_39
Clerk,User_40
Clerk,User_41
Clerk,User_42
Manager,User_43
Clerk,User_43
Clerk,User_44
Clerk,User_45
Clerk,User_46
Clerk,User_47
Clerk,User_48
Clerk,User_49
Clerk,User_50
Clerk,User_51
Clerk,User_52
Clerk,User_53
Clerk,User_54
Clerk,User_55
Clerk,User_56
Clerk,User_57
Clerk,User_58
Clerk,User_59
Clerk,User_60
Clerk,User_61
Clerk,User_62
Clerk,User_63
Clerk,User_64
Clerk,User_65
Clerk,User_66
Clerk,User_67
Clerk,User_68
Clerk,User_69
Clerk,User_70
Clerk,User_71
Clerk,User_72
Clerk,User_73
Clerk,User_74
Clerk,User_75
Clerk,User_76
Clerk,User_77
Clerk,User_78
Clerk,User_79
Clerk,User_80
Clerk,User_81
Clerk,User_82
Clerk,User_83
Clerk,User_84
Clerk,User_85
Clerk,User_86
Clerk,User_87
Clerk,User_88
Clerk,User_89
Clerk,User_90
Clerk,User_91
Clerk,User_92
Clerk,User_93
Clerk,User_94
Clerk,User_95
Clerk,User_96
Clerk,User_97
Clerk,User_98
Clerk,User_99
Clerk,User_100
Clerk,User_101
Clerk,User_102
Clerk,User_103
Clerk,User_104
Clerk,User_105
Clerk,User_106
Clerk,User_107
Clerk,User_108
Clerk,User_109
Clerk,User_110
Clerk,User_111
Clerk,User_112
Clerk,User_113
Clerk,User_114
Clerk,User_115
Clerk,User_116
Clerk,User_117
Clerk,User_118
Clerk,User_119
Clerk,User_120
Clerk,User_121
Clerk,User_122
Clerk,User_123
Clerk,User_124
Clerk,User_125
Clerk,User_126
Clerk,User_127
Clerk,User_128
Clerk,User_129
Clerk,User_130
Clerk,User_131
Clerk,User_132
Clerk,User_133
Clerk,User_134
Clerk,User_135
Clerk,User_136
Clerk,User_137
Fraud Analyst,User_138
Clerk,User_139
Clerk,User_140
Clerk,User_141
Clerk,User_142
Fraud Analyst,User_143
Fraud Analyst,User_144
Clerk,User_145
Clerk,User_146
